model_name,variant_name,encoding_time_s,precision@5,precision@10,jaccard@5,jaccard@10,content_div@5,content_div@10,query_time_ms
google/embeddinggemma-300m,semantic_google/embeddinggemma_300m,254.8539261817932,0.8127000000000001,0.80325,0.3973027777777777,0.3794600595238095,0.71528006,0.73656106,2.706368409042625
all-mpnet-base-v2,semantic_all_mpnet_base_v2,73.14097309112549,0.779,0.7690000000000001,0.3705988492063492,0.35244154761904756,0.68993706,0.71366394,2.576562558509977
all-MiniLM-L6-v2,semantic_all_MiniLM_L6_v2,18.20631504058838,0.7363000000000001,0.7212000000000001,0.3399923015873016,0.3188002038239538,0.65269834,0.678811,2.6227620805238985
paraphrase-MiniLM-L3-v2,semantic_paraphrase_MiniLM_L3_v2,9.768453121185303,0.7177,0.70585,0.323760753968254,0.3056589087301587,0.7082301,0.7305658,2.6430597205016966
